Word,LogOdds,Score,Category
allaa,3.309394628,3.0,positive
alha,3.309394628,3.0,positive
ammeen,3.358184792,3.0,positive
mashaallh,3.449156571,3.0,positive
jabadha,3.449156571,3.0,positive
eebbisu,3.449156571,3.0,positive
amen,5.489812087,3.0,positive
allah,5.76898347,3.0,positive
ameen,5.952017024,3.0,positive
masha,5.255304777,3.0,positive
jabadhu,3.427177664,3.0,positive
ele,3.404704808,3.0,positive
mashaalla,3.404704808,3.0,positive
jiradhu,2.952719684,3.0,positive
jzk,2.878611712,3.0,positive
mashaa,5.141976092,3.0,positive
sallaallahu,5.049860803,3.0,positive
jabaa,3.404704808,3.0,positive
nufi,2.878611712,3.0,positive
saallaallaahu,2.878611712,3.0,positive
ebbifamaa,2.878611712,3.0,positive
ebbisuu,2.878611712,3.0,positive
jabaadhu,4.732502963,3.0,positive
mashala,4.472545438,3.0,positive
maashaa,4.424536219,3.0,positive
wow,4.867539246,3.0,positive
waw,3.309394628,3.0,positive
ebifaami,3.086251077,3.0,positive
jiradhaa,3.086251077,3.0,positive
dheresuu,2.798569005,3.0,positive
alla,2.798569005,3.0,positive
ebbisu,2.798569005,3.0,positive
umuri,2.711557628,3.0,positive
wr,3.086251077,3.0,positive
jabaadha,2.798569005,3.0,positive
aleyhi,2.798569005,3.0,positive
eebbifamaa,2.798569005,3.0,positive
jabadhaa,2.75600939,3.0,positive
mashallaah,2.952719684,3.0,positive
jirenya,2.952719684,3.0,positive
galatoomii,2.952719684,3.0,positive
ergamoota,2.952719684,3.0,positive
saw,2.952719684,3.0,positive
ustazaa,3.021712556,3.0,positive
dhageessisu,3.021712556,3.0,positive
bareedaa,2.711557628,3.0,positive
waasallam,2.711557628,3.0,positive
faaruu,2.711557628,3.0,positive
dheeraa,2.878611712,3.0,positive
ulfaadhu,2.711557628,3.0,positive
sirba,2.878611712,3.0,positive
dhagesisu,2.798569005,3.0,positive
waaqayyo,2.825967979,3.0,positive
siyaa,2.878611712,3.0,positive
jabadhuu,3.951248514,3.0,positive
waaqayyoo,3.101755264,3.0,positive
jiradhuu,3.106870364,3.0,positive
waqayyoo,3.106870364,3.0,positive
tolaa,3.117022736,3.0,positive
ustaza,3.146875699,3.0,positive
mashaallaha,3.204034113,3.0,positive
ustaaz,3.204034113,3.0,positive
dhagesisuu,3.204034113,3.0,positive
qaxalee,3.897181293,3.0,positive
wb,3.086251077,3.0,positive
mashallh,3.021712556,3.0,positive
galatooma,3.021712556,3.0,positive
cimaadha,3.021712556,3.0,positive
eebbisuu,3.021712556,3.0,positive
mashaallah,4.356713623,3.0,positive
ebbifami,3.924580267,3.0,positive
eebbifami,3.840022879,3.0,positive
mashalaa,3.897181293,3.0,positive
jiraadhu,2.798569005,3.0,positive
raayyaa,2.798569005,3.0,positive
maashaalla,2.798569005,3.0,positive
ustaaza,2.798569005,3.0,positive
tabarakallah,2.798569005,3.0,positive
maashaallah,2.798569005,3.0,positive
umrii,3.217827435,3.0,positive
galatoomaa,3.491716185,3.0,positive
mashalla,3.53253818,3.0,positive
jabaadhaa,3.645866865,3.0,positive
ebifami,3.680958185,3.0,positive
allaah,3.731389038,3.0,positive
maasha,3.747649559,3.0,positive
ebifamii,3.779398258,3.0,positive
mashallaa,4.205482653,3.0,positive
ammen,4.245487987,3.0,positive
ebifamaa,3.977224001,3.0,positive
ebbifamii,4.002541809,3.0,positive
mashallah,4.356713623,3.0,positive
toltuu,2.616247448,2.9,positive
baredaa,2.616247448,2.9,positive
jiraadhaa,2.616247448,2.9,positive
qaxale,2.616247448,2.9,positive
jabaadhuu,2.665037612,2.9,positive
thank,2.616247448,2.9,positive
jiraadhuu,2.665037612,2.9,positive
jaba,2.616247448,2.9,positive
allh,2.616247448,2.9,positive
mashalaha,2.616247448,2.9,positive
amazing,2.616247448,2.9,positive
dhageesisuu,2.616247448,2.9,positive
alhaa,2.616247448,2.9,positive
baradhee,2.616247448,2.9,positive
like,2.510886932,2.8,positive
toltaa,2.510886932,2.8,positive
maashaala,2.510886932,2.8,positive
ajaaibaati,2.510886932,2.8,positive
mashaa allah ameen,0.0,2.8,positive
amiinamiin,2.510886932,2.8,positive
ebbifama,2.510886932,2.8,positive
jabbaa,2.510886932,2.8,positive
waqaayyoo,2.510886932,2.8,positive
gamee,2.510886932,2.8,positive
qaalii,2.510886932,2.8,positive
amin,2.564954153,2.8,positive
gammee,2.510886932,2.8,positive
waqayo,2.510886932,2.8,positive
faruu,2.510886932,2.8,positive
ebbifami waqayyoo,0.0,2.7,positive
mashaalha,2.393103896,2.6,positive
all,2.328565375,2.6,positive
nama cimaadha,0.0,2.6,positive
elelelele,2.393103896,2.6,positive
waqayyoo si haa eebbisu,0.0,2.6,positive
dhageessisuu,2.393103896,2.6,positive
jaallanna,2.393103896,2.6,positive
jaalana,2.393103896,2.6,positive
eebbifamii,2.393103896,2.6,positive
sagale,2.328565375,2.6,positive
umurii,2.328565375,2.6,positive
ergamotaa,2.393103896,2.6,positive
jaladhaa,2.393103896,2.6,positive
rabbiin,2.321130397,2.6,positive
keep,2.393103896,2.6,positive
godhii,2.393103896,2.6,positive
nuf,2.358418338,2.6,positive
dhuftani,2.393103896,2.6,positive
bayyee,2.318995924,2.6,positive
barnoota,2.393103896,2.6,positive
dheradhaa,2.393103896,2.6,positive
baradheera,2.393103896,2.6,positive
ebisuu,2.393103896,2.6,positive
galatoomi,2.350544282,2.6,positive
nuufi,2.393103896,2.6,positive
waqqayyoo,2.393103896,2.6,positive
dhugumatti,2.393103896,2.6,positive
umri,2.393103896,2.6,positive
qaxalee mucaa,0.0,2.5,positive
eeleellaa,2.259572504,2.5,positive
ilaalee,2.259572504,2.5,positive
qabaachuun,2.259572504,2.5,positive
guullguull,2.259572504,2.5,positive
tola,2.238953217,2.5,positive
mucaa,2.238953217,2.5,positive
motumaa,2.259572504,2.5,positive
toleera,2.259572504,2.5,positive
ijaa,2.259572504,2.5,positive
baredu,2.259572504,2.5,positive
goftaan,2.259572504,2.5,positive
ilaale,2.259572504,2.5,positive
belina,2.259572504,2.5,positive
ajaaibaa,2.259572504,2.5,positive
mashaalaa,2.259572504,2.5,positive
firoo,2.259572504,2.5,positive
mashaala,2.259572504,2.5,positive
alh,2.259572504,2.5,positive
baguma,2.259572504,2.5,positive
jabba,2.259572504,2.5,positive
mashaalh,2.259572504,2.5,positive
mashlaa,2.259572504,2.5,positive
fufi,2.259572504,2.5,positive
dhagechisuu,2.259572504,2.5,positive
das,2.259572504,2.5,positive
amina,2.259572504,2.5,positive
oromummaan,2.259572504,2.5,positive
maashalla,2.259572504,2.5,positive
jalatuu,2.259572504,2.5,positive
qalii,2.259572504,2.5,positive
dheeradhu,2.259572504,2.5,positive
bareda,2.259572504,2.5,positive
maslhaalhaalh,2.259572504,2.5,positive
dhugumatti jabaadhu,0.0,2.5,positive
galatoomi rabbi,0.0,2.5,positive
jabaadhaa cimaadha,0.0,2.5,positive
nuuf jiraadhu,0.0,2.5,positive
baay’ee gaarii,0.0,2.5,positive
galatomi,2.21078234,2.4,positive
nufii,2.185464532,2.4,positive
bareedaa dhugaadha,0.0,2.4,positive
dhageesisu,2.185464532,2.4,positive
dhugaa dubbachuuf,0.0,2.4,positive
ustaz,2.185464532,2.4,positive
jabaadhu jabaa,0.0,2.4,positive
umurii dheeraa,0.0,2.4,positive
jiradha,2.185464532,2.4,positive
dhugadhaa,2.185464532,2.4,positive
mashallahaa,2.105421824,2.3,positive
mucaan,2.067681496,2.3,positive
tolaa dha,0.0,2.3,positive
sanyii,2.04826341,2.3,positive
dhertuu,2.105421824,2.3,positive
akkaan,2.105421824,2.3,positive
baba,2.105421824,2.3,positive
good,2.105421824,2.3,positive
ustazii,2.105421824,2.3,positive
aallaa,2.105421824,2.3,positive
walif,2.105421824,2.3,positive
tolta,2.105421824,2.3,positive
biraas,2.105421824,2.3,positive
bagaa,2.06286221,2.3,positive
tolte,2.105421824,2.3,positive
baayyeen,2.04826341,2.3,positive
gurbaan,2.04826341,2.3,positive
qaxaalee,2.105421824,2.3,positive
maashaallaa,2.105421824,2.3,positive
ulfaadhaa,2.105421824,2.3,positive
umarii,2.105421824,2.3,positive
dhagechisu,2.105421824,2.3,positive
bayeen,2.105421824,2.3,positive
bareduu,2.105421824,2.3,positive
mashaalhe,2.105421824,2.3,positive
sirra,2.105421824,2.3,positive
awadall,2.105421824,2.3,positive
waaqayoo,2.105421824,2.3,positive
mashaalal,2.105421824,2.3,positive
waqayyo,2.105421824,2.3,positive
bareedu,2.105421824,2.3,positive
wallahii,2.105421824,2.3,positive
allaha,2.105421824,2.3,positive
babaa,2.105421824,2.3,positive
sol,2.105421824,2.3,positive
yyaa,2.105421824,2.3,positive
lenca,2.105421824,2.3,positive
ameenameen,2.105421824,2.3,positive
tiyya,2.105421824,2.3,positive
baayisu,2.105421824,2.3,positive
raabii,2.105421824,2.3,positive
kormee,2.105421824,2.3,positive
nattii,2.105421824,2.3,positive
jirenyaa,2.000061308,2.2,positive
nuuf,1.973110688,2.2,positive
kennu,2.018410447,2.2,positive
jaalala,1.987638788,2.2,positive
namati,1.971890431,2.2,positive
keenuu,1.923100267,2.1,positive
baayisuu,1.923100267,2.1,positive
galatomii,1.923100267,2.1,positive
farfanna,1.923100267,2.1,positive
dhalootaa,1.923100267,2.1,positive
eeguu,1.923100267,2.1,positive
fufii,1.923100267,2.1,positive
mashaallaa,1.923100267,2.1,positive
masallah,1.923100267,2.1,positive
isiinii,1.923100267,2.1,positive
kena,1.923100267,2.1,positive
maree,1.923100267,2.1,positive
baayatu,1.923100267,2.1,positive
tabeet,1.923100267,2.1,positive
eyyeen,1.923100267,2.1,positive
dheradhu,1.923100267,2.1,positive
mashahallaa,1.923100267,2.1,positive
muca,1.923100267,2.1,positive
saa,1.923100267,2.1,positive
eguu,1.923100267,2.1,positive
bulii,1.923100267,2.1,positive
dheeressu,1.923100267,2.1,positive
sifi,1.923100267,2.1,positive
namaati,1.923100267,2.1,positive
heddu,1.923100267,2.1,positive
bareedduu,1.923100267,2.1,positive
inshallah,1.923100267,2.1,positive
tiyyaa,1.923100267,2.1,positive
ebbifaami,1.923100267,2.1,positive
mashaalah,1.923100267,2.1,positive
muddaa,1.923100267,2.1,positive
baredan,1.923100267,2.1,positive
jaladha,1.923100267,2.1,positive
qallii,1.923100267,2.1,positive
eyeen,1.923100267,2.1,positive
barbaachisa,1.923100267,2.1,positive
gootoota,1.923100267,2.1,positive
jaaladhaa,1.923100267,2.1,positive
waqayyon,1.923100267,2.1,positive
waqqayyo,1.923100267,2.1,positive
waalifwaalif,1.923100267,2.1,positive
galatomaa,1.923100267,2.1,positive
rabiin,1.923100267,2.1,positive
gooftan,1.923100267,2.1,positive
nuufii,1.923100267,2.1,positive
barsisaa,1.923100267,2.1,positive
qaxxalee,1.923100267,2.1,positive
jabdhuu,1.923100267,2.1,positive
sifaa,1.923100267,2.1,positive
argin,1.923100267,2.1,positive
rayya,1.923100267,2.1,positive
tasisuu,1.923100267,2.1,positive
sanyi,1.923100267,2.1,positive
jalaana,1.923100267,2.1,positive
your,1.923100267,2.1,positive
dhuftaan,1.923100267,2.1,positive
dammaa,1.923100267,2.1,positive
dheeratu,1.923100267,2.1,positive
dheereysu,1.923100267,2.1,positive
dheresu,1.923100267,2.1,positive
waqayoo,1.923100267,2.1,positive
galtomi,1.923100267,2.1,positive
tii,1.923100267,2.1,positive
ebiifamii,1.923100267,2.1,positive
habibi,1.923100267,2.1,positive
dhaggeeffadheen,1.923100267,2.1,positive
koo,1.909370074,2.1,positive
argiin,1.923100267,2.1,positive
dheressu,1.923100267,2.1,positive
baloo,1.923100267,2.1,positive
bagumaa,1.923100267,2.1,positive
jabaan,1.923100267,2.1,positive
jalalii,1.923100267,2.1,positive
nufu,1.923100267,2.1,positive
qufuu,1.923100267,2.1,positive
alhamulilah,1.923100267,2.1,positive
mashallaha,1.923100267,2.1,positive
farfanaa,1.923100267,2.1,positive
namaatii,1.923100267,2.1,positive
qali,1.923100267,2.1,positive
namatii,1.854107396,2.0,positive
bareeda,1.839718658,2.0,positive
woow,1.817739752,2.0,positive
namatti,1.805317232,2.0,positive
heduu,1.817739752,2.0,positive
baayyee,1.809156008,2.0,positive
jaaladha,1.817739752,2.0,positive
arge,1.817739752,2.0,positive
hireen,1.817739752,2.0,positive
baga,1.847592715,2.0,positive
rayyaa,1.817739752,2.0,positive
dachaa,1.854107396,2.0,positive
galatoom,1.699956716,1.9,positive
sirbii,1.699956716,1.9,positive
dhugadha,1.699956716,1.9,positive
obolessa,1.699956716,1.9,positive
dada,1.699956716,1.9,positive
mashalh,1.699956716,1.9,positive
hatau,1.699956716,1.9,positive
bayyen,1.699956716,1.9,positive
baadiyyaa,1.699956716,1.9,positive
raabiin,1.699956716,1.9,positive
walahi,1.699956716,1.9,positive
gargaaru,1.699956716,1.9,positive
cima,1.699956716,1.9,positive
hatoo,1.699956716,1.9,positive
allha,1.699956716,1.9,positive
dhugaama,1.699956716,1.9,positive
toluu,1.699956716,1.9,positive
dandeenya,1.699956716,1.9,positive
carra,1.699956716,1.9,positive
akkakoo,1.699956716,1.9,positive
walaloo,1.699956716,1.9,positive
ijoo,1.699956716,1.9,positive
gaaf,1.699956716,1.9,positive
geette,1.699956716,1.9,positive
toltu,1.699956716,1.9,positive
boonsa,1.699956716,1.9,positive
amnee,1.699956716,1.9,positive
insha,1.699956716,1.9,positive
sagalee,1.713750038,1.9,positive
uff,1.699956716,1.9,positive
iskee,1.699956716,1.9,positive
jalanaa,1.699956716,1.9,positive
jijirama,1.699956716,1.9,positive
rabii,1.699956716,1.9,positive
jedhun,1.699956716,1.9,positive
ijjoollee,1.699956716,1.9,positive
isiinirra,1.699956716,1.9,positive
dinqisiifadha,1.699956716,1.9,positive
wari,1.699956716,1.9,positive
dubate,1.699956716,1.9,positive
hiree,1.699956716,1.9,positive
damma,1.699956716,1.9,positive
subscribe,1.699956716,1.9,positive
jegna,1.699956716,1.9,positive
share,1.699956716,1.9,positive
very,1.699956716,1.9,positive
ammee,1.699956716,1.9,positive
boruu,1.699956716,1.9,positive
barechuu,1.699956716,1.9,positive
naminami,1.699956716,1.9,positive
hatauu,1.699956716,1.9,positive
kesani,1.699956716,1.9,positive
jaabadhu,1.699956716,1.9,positive
farruu,1.699956716,1.9,positive
macaa,1.699956716,1.9,positive
eebbifama,1.699956716,1.9,positive
dhersuu,1.699956716,1.9,positive
akkatii,1.699956716,1.9,positive
abbichu,1.699956716,1.9,positive
ayyaana,1.699956716,1.9,positive
jaalladheera,1.699956716,1.9,positive
maashaallaah,1.699956716,1.9,positive
bravo,1.699956716,1.9,positive
qaali,1.699956716,1.9,positive
jajjabee,1.699956716,1.9,positive
ijarahafi,1.699956716,1.9,positive
tajajilaa,1.699956716,1.9,positive
ilaalcha,1.699956716,1.9,positive
yene,1.699956716,1.9,positive
jalatan,1.699956716,1.9,positive
dhagefadhe,1.699956716,1.9,positive
hubadheera,1.699956716,1.9,positive
yaade,1.699956716,1.9,positive
eeyyeen,1.699956716,1.9,positive
aleeyhii,1.699956716,1.9,positive
jalaala,1.699956716,1.9,positive
oliti,1.699956716,1.9,positive
sagaalee,1.699956716,1.9,positive
waliraa,1.699956716,1.9,positive
bekumsaa,1.699956716,1.9,positive
baranne,1.699956716,1.9,positive
dheeradhuu,1.699956716,1.9,positive
taeen,1.699956716,1.9,positive
ebisu,1.699956716,1.9,positive
argannu,1.699956716,1.9,positive
dhugaadhaaf,1.699956716,1.9,positive
hirmaachuu,1.699956716,1.9,positive
tolera,1.699956716,1.9,positive
argadha,1.699956716,1.9,positive
gammachiisa,1.699956716,1.9,positive
ammaaf,1.699956716,1.9,positive
tabaarakaallaah,1.699956716,1.9,positive
bareddaa,1.699956716,1.9,positive
jalaadha,1.699956716,1.9,positive
siha,1.699956716,1.9,positive
korma,1.699956716,1.9,positive
anaaf,1.699956716,1.9,positive
dheeressuu,1.699956716,1.9,positive
yoosan,1.699956716,1.9,positive
anni,1.699956716,1.9,positive
bareedadha,1.699956716,1.9,positive
fuufi,1.699956716,1.9,positive
jaalladhe,1.699956716,1.9,positive
jzkl,1.699956716,1.9,positive
addatti,1.699956716,1.9,positive
jawwishaa,1.699956716,1.9,positive
qooduu,1.699956716,1.9,positive
amiin,1.74077871,1.9,positive
haa,1.77141568,1.9,positive
dhugaa,1.714803224,1.9,positive
jiraayii,1.699956716,1.9,positive
wasallam,1.699956716,1.9,positive
dhagefadhee,1.699956716,1.9,positive
baratan,1.699956716,1.9,positive
jabbadha,1.699956716,1.9,positive
jiraan,1.699956716,1.9,positive
qaxallee,1.699956716,1.9,positive
gammadaa,1.699956716,1.9,positive
muuziqaa,1.699956716,1.9,positive
caalatti,1.699956716,1.9,positive
dhaltuu,1.699956716,1.9,positive
masqaloo,1.699956716,1.9,positive
guddaadha,1.699956716,1.9,positive
im,1.699956716,1.9,positive
masllhaallh,1.699956716,1.9,positive
qulqulluu,1.699956716,1.9,positive
jaabadha,1.699956716,1.9,positive
qaaxale,1.699956716,1.9,positive
maashaallh,1.699956716,1.9,positive
dhabu,1.699956716,1.9,positive
ame,1.699956716,1.9,positive
jaalanaa,1.699956716,1.9,positive
idea,1.699956716,1.9,positive
jabbadhaa,1.699956716,1.9,positive
gudadha,1.699956716,1.9,positive
dhagaiin,1.699956716,1.9,positive
hadhagesisuu,1.699956716,1.9,positive
aliyyii,1.699956716,1.9,positive
jaalladha,1.699956716,1.9,positive
juradhuu,1.699956716,1.9,positive
bless,1.699956716,1.9,positive
qaaliiwwan,1.699956716,1.9,positive
dhalatte,1.699956716,1.9,positive
hawwiin,1.699956716,1.9,positive
mati,1.699956716,1.9,positive
barachaa,1.699956716,1.9,positive
guddaa,0.0,1.8,intensifier
baay’ee,0.0,1.8,intensifier
baay’inaan,0.0,1.8,intensifier
daran,0.0,1.8,intensifier
hedduu,0.0,1.8,intensifier
dhuftan,1.612945339,1.8,positive
ajaaiba,1.612945339,1.8,positive
rabbii,1.601516643,1.8,positive
keedha,1.566425323,1.7,positive
jiraadha,1.517635159,1.7,positive
yaadni,1.566425323,1.7,positive
jabduu,1.566425323,1.7,positive
rabbi,1.537437786,1.7,positive
jaallattan,1.566425323,1.7,positive
nagan,1.517635159,1.7,positive
ibsuu,1.566425323,1.7,positive
oromummaa,1.566425323,1.7,positive
muddii,1.566425323,1.7,positive
brother,1.566425323,1.7,positive
dubbatte,1.566425323,1.7,positive
jijire,1.412274643,1.6,positive
jeettee,1.412274643,1.6,positive
malhaalhaalhaalh,1.412274643,1.6,positive
hiriyaa,1.412274643,1.6,positive
dhugga,1.412274643,1.6,positive
faarfannaa,1.412274643,1.6,positive
mashaaallaah,1.412274643,1.6,positive
tessan,1.412274643,1.6,positive
badiyaa,1.412274643,1.6,positive
dirqamaa,1.412274643,1.6,positive
jabbaadha,1.412274643,1.6,positive
lee,1.412274643,1.6,positive
oromoni,1.412274643,1.6,positive
baayyisu,1.412274643,1.6,positive
deebisi,1.412274643,1.6,positive
dhunfaa,1.412274643,1.6,positive
dhagesiuu,1.412274643,1.6,positive
taun,1.412274643,1.6,positive
waqayyoon,1.412274643,1.6,positive
samuun,1.412274643,1.6,positive
haadhooko,1.412274643,1.6,positive
wassallaam,1.412274643,1.6,positive
gammaddan,1.412274643,1.6,positive
dhuuga,1.412274643,1.6,positive
fakenyaa,1.412274643,1.6,positive
meskelo,1.412274643,1.6,positive
hasawuu,1.412274643,1.6,positive
baayyees,1.412274643,1.6,positive
daddabalee,1.412274643,1.6,positive
jaalatuu,1.412274643,1.6,positive
maashallha,1.412274643,1.6,positive
oolchaa,1.412274643,1.6,positive
respect,1.412274643,1.6,positive
dargaggessa,1.412274643,1.6,positive
dhugaadhuma,1.412274643,1.6,positive
kanaatti,1.412274643,1.6,positive
aabbee,1.412274643,1.6,positive
baayisaa,1.412274643,1.6,positive
umari,1.412274643,1.6,positive
ufee,1.412274643,1.6,positive
akkakootti,1.412274643,1.6,positive
sallallahu,1.412274643,1.6,positive
ulfaadhuu,1.412274643,1.6,positive
haaruu,1.412274643,1.6,positive
baka,1.412274643,1.6,positive
tufaa,1.412274643,1.6,positive
nuufaa,1.412274643,1.6,positive
eebifami,1.412274643,1.6,positive
dhugummaa,1.412274643,1.6,positive
reef,1.412274643,1.6,positive
jabbaadhu,1.412274643,1.6,positive
salaam,1.412274643,1.6,positive
haaruus,1.412274643,1.6,positive
wawu,1.412274643,1.6,positive
aleeyhi,1.412274643,1.6,positive
tabarkaa,1.412274643,1.6,positive
sammuudhaan,1.412274643,1.6,positive
eebisu,1.412274643,1.6,positive
gifti,1.412274643,1.6,positive
argeen,1.412274643,1.6,positive
gurbati,1.412274643,1.6,positive
allahu,1.412274643,1.6,positive
keessaanii,1.412274643,1.6,positive
yaani,1.412274643,1.6,positive
dhuggaa,1.412274643,1.6,positive
ebbfamaa,1.412274643,1.6,positive
obbooleesa,1.412274643,1.6,positive
dhiyaatan,1.412274643,1.6,positive
sammuukee,1.412274643,1.6,positive
hundeessaa,1.412274643,1.6,positive
dheraadhuu,1.412274643,1.6,positive
iyye,1.412274643,1.6,positive
argadhuu,1.412274643,1.6,positive
kanarratti,1.412274643,1.6,positive
ibroo,1.412274643,1.6,positive
usataza,1.412274643,1.6,positive
saaqoo,1.412274643,1.6,positive
dinqii,1.412274643,1.6,positive
keesan,1.412274643,1.6,positive
uufee,1.412274643,1.6,positive
yada,1.412274643,1.6,positive
dherressu,1.412274643,1.6,positive
kabajamo,1.412274643,1.6,positive
gubee,1.412274643,1.6,positive
ijarraa,1.412274643,1.6,positive
deebiaa,1.412274643,1.6,positive
tataan,1.412274643,1.6,positive
betam,1.412274643,1.6,positive
affeeri,1.412274643,1.6,positive
gammade,1.412274643,1.6,positive
elilili,1.412274643,1.6,positive
halal,1.412274643,1.6,positive
jalladhaa,1.412274643,1.6,positive
qalli,1.412274643,1.6,positive
jalatamoo,1.412274643,1.6,positive
jaladheraa,1.412274643,1.6,positive
arab,1.412274643,1.6,positive
dhageeffadhe,1.412274643,1.6,positive
gammefi,1.412274643,1.6,positive
mashallhaa,1.412274643,1.6,positive
gammachiise,1.412274643,1.6,positive
galataa,1.412274643,1.6,positive
warqii,1.412274643,1.6,positive
moattaa,1.412274643,1.6,positive
ebbiifamii,1.412274643,1.6,positive
viidiyoo,1.412274643,1.6,positive
nuufis,1.412274643,1.6,positive
lubbuunkee,1.412274643,1.6,positive
raya,1.412274643,1.6,positive
qeqaa,1.412274643,1.6,positive
ergamootaa,1.412274643,1.6,positive
sirriima,1.412274643,1.6,positive
gahaadha,1.412274643,1.6,positive
jibbinu,1.412274643,1.6,positive
hisaa,1.412274643,1.6,positive
tayaa,1.412274643,1.6,positive
daddafaa,1.412274643,1.6,positive
torbeetti,1.412274643,1.6,positive
dargaggoota,1.412274643,1.6,positive
umuriikee,1.412274643,1.6,positive
dhugaakeedha,1.412274643,1.6,positive
guttuu,1.412274643,1.6,positive
halkaan,1.412274643,1.6,positive
wowowowo,1.412274643,1.6,positive
milkesuu,1.412274643,1.6,positive
hadheresuu,1.412274643,1.6,positive
tuqaaf,1.412274643,1.6,positive
dhugan,1.412274643,1.6,positive
hawwii,1.412274643,1.6,positive
acting,1.412274643,1.6,positive
raasuu,1.412274643,1.6,positive
allaahu,1.412274643,1.6,positive
gameessa,1.412274643,1.6,positive
jaalladhuu,1.412274643,1.6,positive
keenyee,1.412274643,1.6,positive
abe,1.412274643,1.6,positive
hirree,1.412274643,1.6,positive
smart,1.412274643,1.6,positive
amala,1.412274643,1.6,positive
ormo,1.412274643,1.6,positive
jabaachuu,1.412274643,1.6,positive
obbolessaa,1.412274643,1.6,positive
eyyee,1.412274643,1.6,positive
baayisee,1.412274643,1.6,positive
qeerooni,1.412274643,1.6,positive
jajjabeesinuu,1.412274643,1.6,positive
banuu,1.412274643,1.6,positive
akubr,1.412274643,1.6,positive
dasa,1.412274643,1.6,positive
bareedaadha,1.412274643,1.6,positive
dabarse,1.412274643,1.6,positive
nyachuu,1.412274643,1.6,positive
mashalah,1.412274643,1.6,positive
duaaii,1.412274643,1.6,positive
hadheressuu,1.412274643,1.6,positive
allehi,1.412274643,1.6,positive
urmi,1.412274643,1.6,positive
jalalan,1.412274643,1.6,positive
jirnyaa,1.412274643,1.6,positive
ebbiisuu,1.412274643,1.6,positive
matti,1.412274643,1.6,positive
baruumsaa,1.412274643,1.6,positive
banu,1.412274643,1.6,positive
gamadan,1.412274643,1.6,positive
dhuu,1.412274643,1.6,positive
boonsaa,1.412274643,1.6,positive
quufu,1.412274643,1.6,positive
ijara,1.412274643,1.6,positive
dasii,1.412274643,1.6,positive
hedu,1.412274643,1.6,positive
hubatiin,1.412274643,1.6,positive
appreciate,1.412274643,1.6,positive
bayyeen,1.412274643,1.6,positive
wede,1.412274643,1.6,positive
ajaibaa,1.412274643,1.6,positive
xumuree,1.412274643,1.6,positive
ummataadha,1.412274643,1.6,positive
dhagefachaa,1.412274643,1.6,positive
corner,1.412274643,1.6,positive
nufjiiradha,1.412274643,1.6,positive
qufamu,1.412274643,1.6,positive
eyee,1.412274643,1.6,positive
dhalatee,1.412274643,1.6,positive
faayyaa,1.412274643,1.6,positive
hubataadha,1.412274643,1.6,positive
fikum,1.412274643,1.6,positive
yomiyuu,1.412274643,1.6,positive
qorsa,1.412274643,1.6,positive
qaxaleedha,1.412274643,1.6,positive
muddi,1.412274643,1.6,positive
bekne,1.412274643,1.6,positive
ergamota,1.412274643,1.6,positive
haadho,1.412274643,1.6,positive
ajiibaarabihaqaawaraafhageamtiiqabneehaabasuu,1.412274643,1.6,positive
bekadhu,1.412274643,1.6,positive
elelele,1.412274643,1.6,positive
mashahlla,1.412274643,1.6,positive
hadhoo,1.412274643,1.6,positive
baradhe,1.412274643,1.6,positive
argadhee,1.412274643,1.6,positive
kormaa,1.412274643,1.6,positive
dheraadhu,1.412274643,1.6,positive
jaabaadhuu,1.412274643,1.6,positive
ustazee,1.412274643,1.6,positive
dargaggeessi,1.412274643,1.6,positive
dhalchee,1.412274643,1.6,positive
keeyraan,1.412274643,1.6,positive
galaatoomii,1.412274643,1.6,positive
hi,1.412274643,1.6,positive
jaltu,1.412274643,1.6,positive
walisoo,1.412274643,1.6,positive
lencaa,1.412274643,1.6,positive
argadhaa,1.412274643,1.6,positive
sabaafi,1.412274643,1.6,positive
eebbi,1.412274643,1.6,positive
jiratee,1.412274643,1.6,positive
wogga,1.412274643,1.6,positive
gesee,1.412274643,1.6,positive
dabalataan,1.412274643,1.6,positive
walirra,1.412274643,1.6,positive
geetahun,1.412274643,1.6,positive
aanu,1.412274643,1.6,positive
galannii,1.412274643,1.6,positive
diraman,1.412274643,1.6,positive
ebbiifaa,1.412274643,1.6,positive
jajjabefamuu,1.412274643,1.6,positive
toltuum,1.412274643,1.6,positive
ebbifaam,1.412274643,1.6,positive
kennaa,1.412274643,1.6,positive
gudda,1.412274643,1.6,positive
jirtee,1.412274643,1.6,positive
fararuu,1.412274643,1.6,positive
ijooleen,1.412274643,1.6,positive
ibsi,1.412274643,1.6,positive
sirbaa,1.412274643,1.6,positive
dhiyaachuu,1.412274643,1.6,positive
jiratuu,1.412274643,1.6,positive
dhagefattani,1.412274643,1.6,positive
mashaaallaa,1.412274643,1.6,positive
keessaniif,1.412274643,1.6,positive
jalatama,1.412274643,1.6,positive
waajjirii,1.412274643,1.6,positive
o,1.412274643,1.6,positive
qusatu,1.412274643,1.6,positive
mukaatti,1.412274643,1.6,positive
lakkofsaa,1.412274643,1.6,positive
guddatuu,1.412274643,1.6,positive
keyran,1.412274643,1.6,positive
fuufaa,1.412274643,1.6,positive
artistii,1.412274643,1.6,positive
eyye,1.412274643,1.6,positive
amtuu,1.412274643,1.6,positive
diggaa,1.412274643,1.6,positive
tayii,1.412274643,1.6,positive
gammeef,1.412274643,1.6,positive
gooftaan,1.412274643,1.6,positive
nammaa,1.412274643,1.6,positive
haajalatu,1.412274643,1.6,positive
argadhu,1.412274643,1.6,positive
quufuu,1.412274643,1.6,positive
dhuugaa,1.412274643,1.6,positive
quufamu,1.412274643,1.6,positive
addaati,1.412274643,1.6,positive
keessuma,1.412274643,1.6,positive
ll,1.412274643,1.6,positive
isinifi,1.412274643,1.6,positive
wayiin,1.412274643,1.6,positive
argaatu,1.412274643,1.6,positive
jagna,1.412274643,1.6,positive
bilchataa,1.412274643,1.6,positive
gorsa,1.412274643,1.6,positive
kessan,1.476813165,1.6,positive
eebbiifamii,1.412274643,1.6,positive
dhukubbaa,1.412274643,1.6,positive
namooni,1.412274643,1.6,positive
taauu,1.412274643,1.6,positive
caqasee,1.412274643,1.6,positive
dherreessuu,1.412274643,1.6,positive
tabarakkallah,1.412274643,1.6,positive
sanyiikoo,1.412274643,1.6,positive
seene,1.412274643,1.6,positive
abeet,1.412274643,1.6,positive
barbadeen,1.412274643,1.6,positive
baatuun,1.412274643,1.6,positive
jajjabeeffamuu,1.412274643,1.6,positive
baayatee,1.412274643,1.6,positive
yaallhaa,1.412274643,1.6,positive
xiqqaa,0.0,0.5,diminisher
tokko tokko,0.0,0.5,diminisher
xiqqoo,0.0,0.5,diminisher
xinnoo,0.0,0.5,diminisher
hin,0.0,0.0,negation
miti,0.0,0.0,negation
in,0.0,0.0,negation
gadhe,-1.072632006,-1.2,negative
odeessaa,-1.072632006,-1.2,negative
jibbitu,-1.072632006,-1.2,negative
callise,-1.072632006,-1.2,negative
betaa,-1.072632006,-1.2,negative
hidhame,-1.072632006,-1.2,negative
sobuu,-1.072632006,-1.2,negative
sodaata,-1.072632006,-1.2,negative
maalif hojjeta,-1.072632006,-1.2,negative
garba,-1.072632006,-1.2,negative
nurati,-1.072632006,-1.2,negative
kanarraa,-1.072632006,-1.2,negative
salaa,-1.072632006,-1.2,negative
dukkana,-1.072632006,-1.2,negative
miidhamu,-1.072632006,-1.2,negative
maal gooti,-1.072632006,-1.2,negative
dangaa,-1.072632006,-1.2,negative
kotuu,-1.072632006,-1.2,negative
dhima hin,-1.072632006,-1.2,negative
dhaga,-1.072632006,-1.2,negative
seete,-1.072632006,-1.2,negative
oofaa,-1.072632006,-1.2,negative
hin deeggaru,-1.072632006,-1.2,negative
lakki,-1.072632006,-1.2,negative
mormuu,-1.072632006,-1.2,negative
fakata,-1.072632006,-1.2,negative
sobni,-1.072632006,-1.2,negative
ololaa,-1.072632006,-1.2,negative
mormu,-1.072632006,-1.2,negative
konkaa,-1.072632006,-1.2,negative
jiruu,-1.072632006,-1.2,negative
turtee,-1.072632006,-1.2,negative
hin fayyanne,-1.072632006,-1.2,negative
fixee,-1.072632006,-1.2,negative
jiraata,-1.072632006,-1.2,negative
jara,-1.072632006,-1.2,negative
barana,-1.072632006,-1.2,negative
ulfataa,-1.072632006,-1.2,negative
mortuu,-1.072632006,-1.2,negative
horti,-1.072632006,-1.2,negative
afuuffaa,-1.072632006,-1.2,negative
albaaa,-1.072632006,-1.2,negative
diiga,-1.072632006,-1.2,negative
malaxaa,-1.072632006,-1.2,negative
hatudha,-1.072632006,-1.2,negative
ajesanii,-1.072632006,-1.2,negative
busuu,-1.072632006,-1.2,negative
safu,-1.072632006,-1.2,negative
dhiisuun,-1.072632006,-1.2,negative
fudhannee,-1.072632006,-1.2,negative
teessanii,-1.072632006,-1.2,negative
oduudhaan,-1.072632006,-1.2,negative
balagee,-1.072632006,-1.2,negative
hundu,-1.072632006,-1.2,negative
hanna,-1.072632006,-1.2,negative
goomattuu,-1.072632006,-1.2,negative
namittiin,-1.072632006,-1.2,negative
taaii,-1.072632006,-1.2,negative
gandummaa,-1.072632006,-1.2,negative
hubadhu,-1.072632006,-1.2,negative
lolaa,-1.072632006,-1.2,negative
afaan kee qabadhuu,-1.072632006,-1.2,negative
farsoo,-1.072632006,-1.2,negative
caal,-1.072632006,-1.2,negative
milla,-1.072632006,-1.2,negative
mulataa,-1.072632006,-1.2,negative
argaa,-1.072632006,-1.2,negative
atimmo,-1.072632006,-1.2,negative
ajjeefte,-1.072632006,-1.2,negative
udaan,-1.072632006,-1.2,negative
waakkachuun,-1.072632006,-1.2,negative
seexana,-1.072632006,-1.2,negative
maal gootu,-1.072632006,-1.2,negative
kufaa,-1.072632006,-1.2,negative
qarshi,-1.072632006,-1.2,negative
haami,-1.072632006,-1.2,negative
dandeessuu,-1.072632006,-1.2,negative
sirratti,-1.072632006,-1.2,negative
kai,-1.072632006,-1.2,negative
bekii,-1.072632006,-1.2,negative
wallaalaa,-1.072632006,-1.2,negative
jiraattu,-1.072632006,-1.2,negative
juntaa,-1.072632006,-1.2,negative
gaddisiisa,-1.072632006,-1.2,negative
himatu,-1.072632006,-1.2,negative
adalaa,-1.072632006,-1.2,negative
odeesitu,-1.072632006,-1.2,negative
arginaan,-1.072632006,-1.2,negative
taai,-1.072632006,-1.2,negative
gaafatu,-1.072632006,-1.2,negative
midha,-1.072632006,-1.2,negative
akkamittii,-1.072632006,-1.2,negative
fixa,-1.072632006,-1.2,negative
balleessaa,-1.072632006,-1.2,negative
dhabaa,-1.072632006,-1.2,negative
mortuun,-1.072632006,-1.2,negative
qullaa,-1.072632006,-1.2,negative
saamamaa,-1.072632006,-1.2,negative
iyya,-1.072632006,-1.2,negative
kashalabbee,-1.072632006,-1.2,negative
iyyeessaa,-1.072632006,-1.2,negative
qote,-1.072632006,-1.2,negative
namticha,-1.072632006,-1.2,negative
gidiraa,-1.072632006,-1.2,negative
teessee,-1.072632006,-1.2,negative
barbadaa,-1.072632006,-1.2,negative
rakkisaa,-1.072632006,-1.2,negative
kufaatii,-1.072632006,-1.2,negative
hagaa,-1.072632006,-1.2,negative
barbaaddanii,-1.072632006,-1.2,negative
wacuu,-1.072632006,-1.2,negative
rakkataa,-1.072632006,-1.2,negative
soban,-1.072632006,-1.2,negative
balleessuu,-1.072632006,-1.2,negative
baandaa,-1.072632006,-1.2,negative
gochuuf,-1.072632006,-1.2,negative
malifi,-1.072632006,-1.2,negative
hadhake,-1.072632006,-1.2,negative
gowwa,-1.072632006,-1.2,negative
cubbuudha,-1.072632006,-1.2,negative
dabala,-1.072632006,-1.2,negative
sare,-1.072632006,-1.2,negative
bubbuleera,-1.072632006,-1.2,negative
qawwee,-1.072632006,-1.2,negative
akkanumaan,-1.072632006,-1.2,negative
dutaa,-1.072632006,-1.2,negative
dhaaba,-1.072632006,-1.2,negative
haamtuu,-1.072632006,-1.2,negative
dur,-1.072632006,-1.2,negative
ofifuu,-1.072632006,-1.2,negative
dhisi,-1.072632006,-1.2,negative
hitee,-1.072632006,-1.2,negative
saamtu,-1.072632006,-1.2,negative
kama,-1.072632006,-1.2,negative
teeti,-1.072632006,-1.2,negative
salii,-1.072632006,-1.2,negative
maalif barbaachise,-1.072632006,-1.2,negative
marata,-1.072632006,-1.2,negative
bafatee,-1.072632006,-1.2,negative
balleessee,-1.072632006,-1.2,negative
faarse bulaa,-1.072632006,-1.2,negative
bifaa,-1.072632006,-1.2,negative
saamtota,-1.072632006,-1.2,negative
beekin,-1.072632006,-1.2,negative
duwwaan,-1.072632006,-1.2,negative
qomcee,-1.072632006,-1.2,negative
dhiisne,-1.072632006,-1.2,negative
hojjetudha,-1.072632006,-1.2,negative
sirreessuu,-1.072632006,-1.2,negative
seeraan,-1.072632006,-1.2,negative
hatuun,-1.072632006,-1.2,negative
atimmoo,-1.072632006,-1.2,negative
arbaa,-1.072632006,-1.2,negative
qaraa,-1.072632006,-1.2,negative
gaddisisa,-1.072632006,-1.2,negative
hortuun,-1.072632006,-1.2,negative
qabde,-1.072632006,-1.2,negative
hiyyeessa,-1.072632006,-1.2,negative
bue,-1.072632006,-1.2,negative
safuudhabboo,-1.072632006,-1.2,negative
huduu,-1.072632006,-1.2,negative
setee,-1.072632006,-1.2,negative
inuma,-1.072632006,-1.2,negative
dubbachuu,-1.072632006,-1.2,negative
baatu,-1.072632006,-1.2,negative
ofumaa,-1.072632006,-1.2,negative
galaafata,-1.072632006,-1.2,negative
hattudha,-1.072632006,-1.2,negative
hin godhinaa,-1.072632006,-1.2,negative
hafu,-1.072632006,-1.2,negative
qilee,-1.072632006,-1.2,negative
ajaa,-1.072632006,-1.2,negative
haasoftee,-1.072632006,-1.2,negative
jechu,-1.072632006,-1.2,negative
dhiifama,-1.072632006,-1.2,negative
biyyaaf,-1.072632006,-1.2,negative
jedhamuu,-1.072632006,-1.2,negative
diinaa,-1.072632006,-1.2,negative
kaauu,-1.072632006,-1.2,negative
duaa,-1.072632006,-1.2,negative
lafa,-1.103403665,-1.2,negative
ofirra,-1.072632006,-1.2,negative
bultoota,-1.072632006,-1.2,negative
ofiifuu,-1.072632006,-1.2,negative
dhiisuu,-1.072632006,-1.2,negative
maqaa,-1.026111991,-1.2,negative
hinuma,-1.072632006,-1.2,negative
baafne,-1.072632006,-1.2,negative
jaarsi,-1.072632006,-1.2,negative
dhufee,-1.072632006,-1.2,negative
gatee,-1.072632006,-1.2,negative
eenyuuf,-1.072632006,-1.2,negative
boolla,-1.072632006,-1.2,negative
buusaa,-1.072632006,-1.2,negative
dhaan,-1.072632006,-1.2,negative
sammicha,-1.072632006,-1.2,negative
dhabde,-1.072632006,-1.2,negative
sobiin,-1.072632006,-1.2,negative
wayyuu,-1.072632006,-1.2,negative
girrisaa,-1.072632006,-1.2,negative
sodaa,-1.072632006,-1.2,negative
dadhabdee,-1.072632006,-1.2,negative
baranee,-1.072632006,-1.2,negative
usi,-1.072632006,-1.2,negative
gaddisisaa,-1.072632006,-1.2,negative
ofuu,-1.072632006,-1.2,negative
arsee,-1.072632006,-1.2,negative
hidha,-1.072632006,-1.2,negative
laguun,-1.072632006,-1.2,negative
isaayuu,-1.072632006,-1.2,negative
albain,-1.072632006,-1.2,negative
buu,-1.072632006,-1.2,negative
guddaaf,-1.072632006,-1.2,negative
adaara,-1.072632006,-1.2,negative
kijibaan,-1.072632006,-1.2,negative
dhiyaata,-1.072632006,-1.2,negative
gochu,-1.072632006,-1.2,negative
dhisaa,-1.190415042,-1.3,negative
jetti,-1.190415042,-1.3,negative
dhisii,-1.190415042,-1.3,negative
ganaa,-1.190415042,-1.3,negative
fayyadu,-1.226782686,-1.3,negative
turte,-1.190415042,-1.3,negative
fayyada,-1.190415042,-1.3,negative
jettanii,-1.190415042,-1.3,negative
jira,-1.138589974,-1.3,negative
isaaf,-1.152674714,-1.3,negative
badee,-1.152674714,-1.3,negative
dantaa,-1.190415042,-1.3,negative
galuu,-1.152674714,-1.3,negative
kubbaan,-1.295775558,-1.4,negative
fixxe,-1.295775558,-1.4,negative
deemee,-1.295775558,-1.4,negative
buuu,-1.295775558,-1.4,negative
rifeensa,-1.295775558,-1.4,negative
offii,-1.295775558,-1.4,negative
keetuu,-1.295775558,-1.4,negative
if,-1.295775558,-1.4,negative
sexanaa,-1.295775558,-1.4,negative
gantu,-1.295775558,-1.4,negative
kaasu,-1.295775558,-1.4,negative
ofaa,-1.295775558,-1.4,negative
jetani,-1.295775558,-1.4,negative
namichii,-1.295775558,-1.4,negative
baree,-1.295775558,-1.4,negative
sirreeffadhu,-1.295775558,-1.4,negative
bari,-1.295775558,-1.4,negative
keetif,-1.295775558,-1.4,negative
humnaa,-1.295775558,-1.4,negative
hadaraa,-1.295775558,-1.4,negative
bui,-1.295775558,-1.4,negative
moofaa,-1.295775558,-1.4,negative
dhiifte,-1.295775558,-1.4,negative
gootee,-1.295775558,-1.4,negative
fiddu,-1.295775558,-1.4,negative
ummatatti,-1.295775558,-1.4,negative
argata,-1.295775558,-1.4,negative
akkatti,-1.295775558,-1.4,negative
farra,-1.295775558,-1.4,negative
hiriira,-1.295775558,-1.4,negative
bandaa,-1.295775558,-1.4,negative
jedhin,-1.295775558,-1.4,negative
isaati,-1.295775558,-1.4,negative
qoosa,-1.295775558,-1.4,negative
gadheen,-1.295775558,-1.4,negative
bineensa,-1.295775558,-1.4,negative
sobuun,-1.295775558,-1.4,negative
suura,-1.295775558,-1.4,negative
tuulama,-1.295775558,-1.4,negative
gubbaa,-1.295775558,-1.4,negative
rakkoon,-1.295775558,-1.4,negative
bilisa,-1.295775558,-1.4,negative
dubatuu,-1.295775558,-1.4,negative
kottuu,-1.295775558,-1.4,negative
garee,-1.295775558,-1.4,negative
dabalani,-1.295775558,-1.4,negative
sanuu,-1.295775558,-1.4,negative
dui,-1.295775558,-1.4,negative
qabdanii,-1.295775558,-1.4,negative
dhuftanii,-1.295775558,-1.4,negative
bitamtuu,-1.295775558,-1.4,negative
safudha,-1.295775558,-1.4,negative
enyutu,-1.295775558,-1.4,negative
hiyyeessaa,-1.295775558,-1.4,negative
sareen,-1.295775558,-1.4,negative
cal,-1.295775558,-1.4,negative
inumaa,-1.295775558,-1.4,negative
arabni,-1.295775558,-1.4,negative
atu,-1.295775558,-1.4,negative
miskina,-1.295775558,-1.4,negative
gubannee,-1.295775558,-1.4,negative
darbeera,-1.295775558,-1.4,negative
faarsee,-1.295775558,-1.4,negative
qabatamaan,-1.295775558,-1.4,negative
dhalaa,-1.295775558,-1.4,negative
hin barbaachisu,-1.295775558,-1.4,negative
galaa,-1.295775558,-1.4,negative
qabneef,-1.295775558,-1.4,negative
jazba,-1.295775558,-1.4,negative
hojetu,-1.295775558,-1.4,negative
baasu,-1.295775558,-1.4,negative
dulloome,-1.295775558,-1.4,negative
haadhaa,-1.295775558,-1.4,negative
dalagu,-1.295775558,-1.4,negative
hudduu,-1.295775558,-1.4,negative
hattuudha,-1.295775558,-1.4,negative
namtichi,-1.295775558,-1.4,negative
kophaa,-1.295775558,-1.4,negative
beekti,-1.295775558,-1.4,negative
holola,-1.295775558,-1.4,negative
maaltuu,-1.295775558,-1.4,negative
gaanfa,-1.295775558,-1.4,negative
ofuma,-1.295775558,-1.4,negative
jedhan,-1.295775558,-1.4,negative
hamii,-1.295775558,-1.4,negative
koottaa,-1.295775558,-1.4,negative
garaaf,-1.295775558,-1.4,negative
muu,-1.295775558,-1.4,negative
bektuu,-1.295775558,-1.4,negative
nus,-1.295775558,-1.4,negative
irrattii,-1.295775558,-1.4,negative
eenyutu,-1.295775558,-1.4,negative
gubanee,-1.295775558,-1.4,negative
shanee,-1.295775558,-1.4,negative
dabaluun,-1.295775558,-1.4,negative
buhaa,-1.295775558,-1.4,negative
jiruun,-1.295775558,-1.4,negative
irraatti,-1.295775558,-1.4,negative
siyyaasni,-1.295775558,-1.4,negative
wa,-1.295775558,-1.4,negative
tanaa,-1.295775558,-1.4,negative
gadhee,-1.295775558,-1.4,negative
tane,-1.295775558,-1.4,negative
odeessin,-1.295775558,-1.4,negative
oola,-1.295775558,-1.4,negative
tapha,-1.295775558,-1.4,negative
maalf,-1.295775558,-1.4,negative
atoo,-1.295775558,-1.4,negative
laata,-1.295775558,-1.4,negative
fannoo,-1.295775558,-1.4,negative
akkamii,-1.295775558,-1.4,negative
hidhu,-1.295775558,-1.4,negative
oduuf,-1.295775558,-1.4,negative
nun,-1.295775558,-1.4,negative
galchite,-1.295775558,-1.4,negative
miidhamaa,-1.295775558,-1.4,negative
uu,-1.295775558,-1.4,negative
midhaa,-1.295775558,-1.4,negative
duwwaa,-1.295775558,-1.4,negative
wahii,-1.295775558,-1.4,negative
buufaa,-1.295775558,-1.4,negative
dide,-1.360314079,-1.5,negative
deemi,-1.391085737,-1.5,negative
malif,-1.360314079,-1.5,negative
nuraa,-1.391085737,-1.5,negative
maa,-1.344565722,-1.5,negative
haasaa,-1.391085737,-1.5,negative
maaliif,-1.391085737,-1.5,negative
atis,-1.391085737,-1.5,negative
faana,-1.391085737,-1.5,negative
afuufa,-1.478097114,-1.6,negative
malii,-1.478097114,-1.6,negative
qabate,-1.478097114,-1.6,negative
immo,-1.478097114,-1.6,negative
ragaan,-1.478097114,-1.6,negative
oduun,-1.478097114,-1.6,negative
cufaa,-1.478097114,-1.6,negative
barsiisu,-1.478097114,-1.6,negative
qoyi,-1.478097114,-1.6,negative
mara,-1.478097114,-1.6,negative
qeequu,-1.478097114,-1.6,negative
zim,-1.478097114,-1.6,negative
gufuu,-1.478097114,-1.6,negative
bahii,-1.478097114,-1.6,negative
godhatee,-1.478097114,-1.6,negative
sobdaa,-1.478097114,-1.6,negative
bosona,-1.478097114,-1.6,negative
jaarraa,-1.478097114,-1.6,negative
suuta,-1.478097114,-1.6,negative
ara,-1.478097114,-1.6,negative
dhiisii,-1.478097114,-1.6,negative
maraatuu,-1.478097114,-1.6,negative
deemii,-1.478097114,-1.6,negative
sobda,-1.478097114,-1.6,negative
siyasaa,-1.478097114,-1.6,negative
ergamtuu,-1.478097114,-1.6,negative
mila,-1.478097114,-1.6,negative
dirreen,-1.478097114,-1.6,negative
dhiba,-1.478097114,-1.6,negative
hattu,-1.478097114,-1.6,negative
dhaqee,-1.478097114,-1.6,negative
hatuu,-1.478097114,-1.6,negative
badii,-1.478097114,-1.6,negative
jimmaa,-1.478097114,-1.6,negative
hinqabu,-1.478097114,-1.6,negative
arfaasee,-1.478097114,-1.6,negative
mali,-1.478097114,-1.6,negative
kae,-1.478097114,-1.6,negative
sangaa,-1.478097114,-1.6,negative
language,-1.478097114,-1.6,negative
miidhaan,-1.478097114,-1.6,negative
baasaa,-1.478097114,-1.6,negative
kamtu,-1.478097114,-1.6,negative
miillaa,-1.478097114,-1.6,negative
dhabdee,-1.478097114,-1.6,negative
deeme,-1.478097114,-1.6,negative
israael,-1.478097114,-1.6,negative
filannoo,-1.478097114,-1.6,negative
maal wayya,-1.532164336,-1.7,negative
dhaqii,-1.632247794,-1.8,negative
haacee,-1.632247794,-1.8,negative
lakkii,-1.632247794,-1.8,negative
filata,-1.632247794,-1.8,negative
abjuun,-1.632247794,-1.8,negative
lebaa,-1.632247794,-1.8,negative
balaa,-1.632247794,-1.8,negative
utuma,-1.632247794,-1.8,negative
maal wayyaa,-1.632247794,-1.8,negative
xurumbaa,-1.632247794,-1.8,negative
tish,-1.632247794,-1.8,negative
callisee,-1.632247794,-1.8,negative
achi,-1.632247794,-1.8,negative
kanati,-1.632247794,-1.8,negative
atuu,-1.632247794,-1.8,negative
hattoota,-1.632247794,-1.8,negative
maal beektuu,-1.632247794,-1.8,negative
midhaan,-1.632247794,-1.8,negative
enyuu,-1.632247794,-1.8,negative
duuba,-1.632247794,-1.8,negative
ree,-1.632247794,-1.8,negative
jazbaa,-1.632247794,-1.8,negative
maal beekta,-1.632247794,-1.8,negative
miidha,-1.632247794,-1.8,negative
eenyu jedhamtu,-1.632247794,-1.8,negative
bishaan,-1.632247794,-1.8,negative
guddinaa,-1.632247794,-1.8,negative
woma,-1.632247794,-1.8,negative
nura,-1.765779187,-1.9,negative
sobaan,-1.765779187,-1.9,negative
galche,-1.765779187,-1.9,negative
odeessuu,-1.765779187,-1.9,negative
eenyutti,-1.765779187,-1.9,negative
balleesse,-1.765779187,-1.9,negative
mootummaa,-1.765779187,-1.9,negative
worra,-1.765779187,-1.9,negative
saamaa,-1.765779187,-1.9,negative
kaardii,-1.765779187,-1.9,negative
siyaasni,-1.765779187,-1.9,negative
fixaa,-1.765779187,-1.9,negative
dhibee,-1.765779187,-1.9,negative
miidiyaa,-1.765779187,-1.9,negative
safuudha,-1.765779187,-1.9,negative
akka kotti,0.0,-2.0,negative
maal qabda,0.0,-2.0,negative
hin beektuu,0.0,-2.0,negative
dhagahu,-1.883562223,-2.1,negative
komii,-1.883562223,-2.1,negative
funyaan,-1.883562223,-2.1,negative
soba jedhee,0.0,-2.1,negative
sobaan jedhee,0.0,-2.1,negative
homaa,-1.883562223,-2.1,negative
dhala,-1.883562223,-2.1,negative
hojjetu,-1.883562223,-2.1,negative
dhiiga,-1.883562223,-2.1,negative
afuuftuu,-1.883562223,-2.1,negative
badi,-1.883562223,-2.1,negative
salami,-1.883562223,-2.1,negative
ofirraa,-1.883562223,-2.1,negative
maltu,-1.883562223,-2.1,negative
sobduu,-1.883562223,-2.1,negative
nurraa,-1.937629444,-2.1,negative
hidhaa,-1.883562223,-2.1,negative
hamaa,-1.883562223,-2.1,negative
badaa,-1.883562223,-2.1,negative
jasbaa,-1.883562223,-2.1,negative
abjuu,-1.883562223,-2.1,negative
goona,-1.883562223,-2.1,negative
harree,-1.883562223,-2.1,negative
hamma,-1.883562223,-2.1,negative
sin galchu,-1.883562223,-2.1,negative
waanti,-1.883562223,-2.1,negative
san,-1.883562223,-2.1,negative
gahee,-1.883562223,-2.1,negative
kijibduu,-1.883562223,-2.1,negative
nurra,-1.988922738,-2.2,negative
dhiisee,-1.988922738,-2.2,negative
miidhaa guddaa,0.0,-2.2,negative
gaarii dha jedhanii,0.0,-2.2,negative
dhiisaa,-2.037712902,-2.2,negative
sobduun,-1.988922738,-2.2,negative
ofiin,-1.988922738,-2.2,negative
faayidaa hin qabu,0.0,-2.2,negative
dhiisa,-1.988922738,-2.2,negative
shira,-1.988922738,-2.2,negative
hin hojjanne,0.0,-2.3,negative
sobaa,-2.084232918,-2.3,negative
rakkoo guddaa,0.0,-2.3,negative
oomoo,-2.084232918,-2.3,negative
qabduu,-2.084232918,-2.3,negative
dhaabbata hamaa,0.0,-2.3,negative
oduu,-2.068965446,-2.3,negative
hin beekne,-2.084232918,-2.3,negative
iyyaa,-2.084232918,-2.3,negative
afuftuu,-2.171244295,-2.4,negative
gowwaa dha,0.0,-2.4,negative
fakkaatu,-2.171244295,-2.4,negative
kijibaa dha,0.0,-2.4,negative
galii,-2.171244295,-2.4,negative
faannoo,-2.171244295,-2.4,negative
afuuftu,-2.251287003,-2.5,negative
namichi,-2.251287003,-2.5,negative
maalif,-2.251287003,-2.5,negative
gowwaa,-2.251287003,-2.5,negative
dhaabbanni,-2.251287003,-2.5,negative
gantuu,-2.251287003,-2.5,negative
maf,-2.251287003,-2.5,negative
jedhi,-2.251287003,-2.5,negative
maal,-2.262216073,-2.5,negative
sobduu dha,0.0,-2.5,negative
durii,-2.325394975,-2.6,negative
kijibaa,-2.394387846,-2.6,negative
hin bulchuu,-2.394387846,-2.6,negative
bulchuu hin,-2.394387846,-2.6,negative
nutii,-2.325394975,-2.6,negative
mal,-2.348925472,-2.6,negative
maaf,-2.394387846,-2.6,negative
saree,-2.458926367,-2.7,negative
dhiisi,-2.427177669,-2.7,negative
saamicha,-2.576709403,-2.8,negative
miidhaa,-2.576709403,-2.8,negative
dhaabi,-2.519550989,-2.8,negative
maal beektu,-2.519550989,-2.8,negative
kijiba,-2.630776624,-2.9,negative
sobdu,-2.630776624,-2.9,negative
jedhiin,-2.821831861,-3.0,negative
ethio,-3.152073548,-3.0,negative
safuu,-2.821831861,-3.0,negative
mootummaan,-2.821831861,-3.0,negative
didee,-2.730860083,-3.0,negative
maaltu,-2.777380099,-3.0,negative
siyaasa,-3.21269817,-3.0,negative
soba,-3.424007264,-3.0,negative
hattuu,-2.682069919,-3.0,negative
biyya,,-1.6736842105263157,negative
youtube,,0.9230769230769231,positive
dandeessu,,-1.6875,negative
kanneen,,-1.2000000000000002,negative
keessa,,-1.0212765957446808,negative
dubbachuuf,,1.3548387096774193,positive
inni,,-1.2212389380530975,negative
iyyuu,,-1.0714285714285714,negative
bu'aa,,-1.375,negative
you,,1.7692307692307692,positive
namoota,,1.0833333333333333,positive
garaa,,-0.9183673469387755,negative
fakkaata,,-1.2000000000000002,negative
biraa,,-0.9438202247191011,negative
hafuu,,-1.0,negative
it,,1.6666666666666667,positive
dandeenye,,-1.6,negative
barreessuu,,-1.5,negative
jedheen,,1.2857142857142856,positive
immoo,,-0.9101123595505618,negative
of,,-0.9402985074626866,negative
5,,-0.9545454545454546,negative
addaan,,-1.3636363636363635,negative
bakka,,-1.2467532467532467,negative
warra,,-1.0327868852459017,negative
jiru,,-1.2941176470588236,negative
waliin,,-1.0,negative
akkan,,1.3928571428571428,positive
ta'e,,-0.9397590361445783,negative
baasee,,-1.875,negative
beeku,,-1.2162162162162162,negative
ketii,,1.4,positive
argadhe,,1.875,positive
sirraa,,1.5,positive
kenuu,,2.0,positive
sii,,1.0062111801242237,positive
guute,,1.2000000000000002,positive
barumsaa,,1.6153846153846154,positive
kenyaa,,1.52,positive
waanan,,1.125,positive
uuffee,,1.7999999999999998,positive
omg,,1.7999999999999998,positive
otuu,,-1.5,negative
taane,,-1.3,negative
academy,,1.5,positive
bel,,2.0999999999999996,positive
so,,1.0,positive
love,,3.0,positive
my,,1.625,positive
hundumaa,,-1.5,negative
ko,,0.9152542372881356,positive
wayii,,-1.6451612903225805,negative
leenca,,1.153846153846154,positive
qabi,,-0.8999999999999999,negative
raabbii,,1.7142857142857142,positive
waaqayyoon,,1.3333333333333333,positive
kk,,-2.2142857142857144,negative
oromon,,-1.6666666666666667,negative
waan,,-0.9199999999999999,negative
baayee,,1.5428571428571427,positive
baay'een,,1.4210526315789473,positive
fuulaa,,-1.0,negative
up,,2.4000000000000004,positive
gatii,,-1.8260869565217392,negative
abbaan,,-1.9411764705882355,negative
hinaaffaa,,-1.7999999999999998,negative
meeqa,,-0.96,negative
as,,1.2000000000000002,positive
qabuudha,,1.7999999999999998,positive
baay'ee,,1.3404255319148937,positive
baasuu,,-1.2000000000000002,negative
sagaale,,3.0,positive
tole,,0.9310344827586208,positive
isaan,,-1.0666666666666667,negative
bar,,-1.3076923076923077,negative
qofa,,-1.2758620689655171,negative
podcast,,1.25,positive
dubbatee,,1.7999999999999998,positive
negative,,1.5,positive
waa'ee,,-1.2537313432835822,negative
amma,,-1.5176470588235293,negative
dhugaadha,,0.9873417721518987,positive
ajaa'ibaati,,2.625,positive
kanaaf,,-1.2000000000000002,negative
dubbataa,,-1.2000000000000002,negative
dhiiraa,,1.1818181818181817,positive
biyyaa,,-1.6238532110091741,negative
qeeqa,,-1.2857142857142856,negative
dhalootaaf,,1.0,positive
hunduma,,1.2000000000000002,positive
tube,,2.4000000000000004,positive
ibsu,,1.3333333333333333,positive
yaadi,,-1.125,negative
dhimmi,,-1.6875,negative
silaa,,-1.5,negative
malee,,-1.7084745762711866,negative
woww,,3.0,positive
jabbadhu,,1.7999999999999998,positive
dhiyeessaa,,1.2857142857142856,positive
kudhan,,-1.5,negative
thanks,,2.4000000000000004,positive
qabuu,,-0.9272727272727272,negative
waqaa,,1.5,positive
sihaa,,1.2857142857142856,positive
tun,,-2.3333333333333335,negative
bare,,-2.142857142857143,negative
gooftaa,,1.2000000000000002,positive
oromoon,,-0.9411764705882353,negative
lachuu,,1.5,positive
nyaata,,-1.3333333333333333,negative
dubatee,,1.7999999999999998,positive
dhufa,,-0.8999999999999999,negative
our,,1.2000000000000002,positive
ta'i,,2.0,positive
keeti,,0.9272727272727272,positive
fakkeenya,,1.3333333333333333,positive
uuff,,1.44,positive
ww,,2.4000000000000004,positive
siraa,,1.3636363636363635,positive
caalu,,1.5,positive
eegna,,1.2857142857142856,positive
har,,-1.2000000000000002,negative
aboo,,-0.9230769230769231,negative
jedhuu,,-1.736842105263158,negative
dhufte,,1.0,positive
osso,,-0.9230769230769231,negative
kumaa,,1.6153846153846154,positive
argine,,-1.0588235294117647,negative
dhuga,,0.9069767441860465,positive
yaadaa,,1.0714285714285714,positive
isinitti,,-1.5,negative
attii,,-1.1666666666666667,negative
gootan,,-1.2857142857142856,negative
ilmaa,,1.4210526315789473,positive
bayee,,1.35,positive
kanarra,,-2.0,negative
baaye,,1.2000000000000002,positive
biya,,1.0,positive
gargaruu,,1.2000000000000002,positive
nagaa,,-1.9090909090909092,negative
biyyi,,-1.9411764705882355,negative
namaaf,,-1.25,negative
ajaa'ibaa,,3.0,positive
akkasi,,0.9545454545454546,positive
abbo,,-1.0909090909090908,negative
arsenal,,-1.0,negative
humna,,-1.5882352941176472,negative
debisaa,,1.0,positive
gotaa,,1.7142857142857142,positive
lammii,,-0.8999999999999999,negative
gochii,,-1.2000000000000002,negative
ofii,,-1.263157894736842,negative
wanumaa,,1.0,positive
utuu,,-1.3846153846153846,negative
hubannoo,,-1.5,negative
keettii,,2.0,positive
ajaa'iba,,1.6666666666666667,positive
jirraa,,1.2857142857142856,positive
wantii,,-1.0714285714285714,negative
horii,,-0.9230769230769231,negative
gala,,-1.0909090909090908,negative
aanaa,,-0.9642857142857144,negative
qofaaf,,-1.0,negative
keti,,1.4,positive
sababni,,-0.9473684210526315,negative
jennaan,,-1.4,negative
mitii,,-1.8113207547169812,negative
kubbaa,,-2.25,negative
nam,,2.142857142857143,positive
harka,,-1.3043478260869565,negative
harkaa,,-1.08,negative
jirtii,,-1.0909090909090908,negative
dandahu,,1.125,positive
jechuu,,-1.25,negative
ofitti,,-1.0,negative
himee,,1.2000000000000002,positive
bayy'ee,,1.2000000000000002,positive
gariidha,,2.0,positive
maaluma,,1.0,positive
taatu,,-1.875,negative
yes,,2.571428571428571,positive
qaroo,,2.0,positive
jiruuf,,-1.75,negative
barri,,-1.8461538461538463,negative
deebii,,-1.5,negative
ishee,,-1.5348837209302326,negative
videon,,1.0,positive
fidii,,1.0,positive
waaqaa,,2.142857142857143,positive
beeka,,-1.0588235294117647,negative
asii,,-1.8461538461538463,negative
jaalalaa,,1.0909090909090908,positive
kabaja,,-2.142857142857143,negative
mitti,,-1.3333333333333333,negative
dhalotaa,,1.5,positive
leencaa,,1.5,positive
ala,,-1.2352941176470589,negative
keenna,,1.5,positive
caalaa,,-0.9230769230769231,negative
yoona,,-1.7142857142857142,negative
goota,,0.9375,positive
hamilee,,-1.5,negative
yadaa,,1.2000000000000002,positive
abdiin,,1.5,positive
dabale,,-1.5,negative
sirri,,-0.9230769230769231,negative
waaq,,1.2000000000000002,positive
qarshii,,-1.7027027027027026,negative
lubbuu,,0.8999999999999999,positive
waaqni,,1.5,positive
rakkina,,-1.875,negative
karaan,,-1.5,negative
maliif,,-1.125,negative
jiraatuu,,1.2000000000000002,positive
hafe,,-1.2000000000000002,negative
nyaatu,,-1.2857142857142856,negative
gadi,,-1.5671641791044775,negative
gootu,,-1.7999999999999998,negative
gaafa,,-1.3125,negative
isuma,,-1.3636363636363635,negative
dura,,-1.5909090909090908,negative
jireenyaa,,2.2894736842105265,positive
tokkotti,,-1.125,negative
aadaa,,1.2000000000000002,positive
jirti,,-1.222222222222222,negative
dorgoma,,-1.7999999999999998,negative
beekuun,,-2.1818181818181817,negative
dhuftee,,-0.8999999999999999,negative
nagaan,,1.0434782608695652,positive
rakkoo,,-1.3333333333333333,negative
ummanni,,-2.25,negative
dubbi,,-1.0,negative
nutu,,-1.5,negative
posti,,-1.2000000000000002,negative
bula,,-2.0,negative
male,,-1.4782608695652175,negative
haadha,,-1.153846153846154,negative
keetti,,1.0,positive
inaaffaa,,-1.7999999999999998,negative
ilmaan,,-1.6666666666666667,negative
tokkoon,,-1.3333333333333333,negative
beekta,,-3.0,negative
wayya,,-1.6,negative
arguu,,1.0909090909090908,positive
duraa,,-0.967741935483871,negative
ummata,,-2.414634146341464,negative
manaa,,-2.142857142857143,negative
hh,,-2.4000000000000004,negative
arabaa,,-2.25,negative
yaali,,-1.0,negative
eeggadhu,,-1.2000000000000002,negative
ammaa,,-1.3333333333333333,negative
barate,,1.0,positive
jiruum,,-2.0,negative
onnee,,-0.8999999999999999,negative
wanuma,,-1.2000000000000002,negative
oolu,,-2.0,negative
qoyii,,-1.5,negative
biratti,,-2.0625,negative
dursa,,-3.0,negative
nyaate,,-2.5,negative
qalbii,,1.2857142857142856,positive
galchu,,-2.1818181818181817,negative
bada,,-2.5,negative
ka'e,,-2.4000000000000004,negative
moo,,-1.217142857142857,negative
jiraate,,-1.0,negative
hojjetaa,,-2.4000000000000004,negative
deebi'e,,-1.0,negative
ilaalaa,,-0.8999999999999999,negative
gadii,,-1.5833333333333335,negative
obn,,-0.8999999999999999,negative
tahe,,-1.0588235294117647,negative
bu'uu,,-1.7999999999999998,negative
walitti,,-1.5555555555555554,negative
jedhame,,-1.0,negative
tate,,-1.2000000000000002,negative
beka,,-1.7999999999999998,negative
kanafu,,-1.2000000000000002,negative
yo,,-0.9428571428571428,negative
siti,,-1.7142857142857142,negative
hoji,,-1.875,negative
isan,,-1.2857142857142856,negative
toko,,-1.3636363636363635,negative
hn,,-1.2857142857142856,negative
fudhatama,,-1.7999999999999998,negative
gaha,,-2.3333333333333335,negative
ira,,-1.0,negative
gaaffii,,-1.2000000000000002,negative
tahee,,-1.263157894736842,negative
darban,,-1.5,negative
jechuudha,,-1.3448275862068966,negative
kunis,,-1.5,negative
gochaa,,-2.0999999999999996,negative
duraan,,-0.8999999999999999,negative
barbaadde,,-2.625,negative
baate,,-1.6363636363636362,negative
seera,,-1.7999999999999998,negative
isaas,,-1.0909090909090908,negative
shan,,-1.6666666666666667,negative
hojiin,,-1.6363636363636362,negative
moti,,-1.7999999999999998,negative
welcome,,2.625,positive
gurba,,-0.9230769230769231,negative
jaalanna,,1.7999999999999998,positive
rabi,,1.7999999999999998,positive
s,,1.125,positive
ummataa,,-2.0,negative
midia,,-1.5,negative
ummaata,,-1.8461538461538463,negative
dhabne,,-1.4,negative
lixaa,,1.0,positive
wallaggaa,,1.2857142857142856,positive
akkumaa,,1.0,positive
kabajaa,,-2.571428571428571,negative
ammati,,-1.7999999999999998,negative
gad,,-1.5,negative
taanaan,,-1.7999999999999998,negative
wanii,,-1.5,negative
galu,,-1.6153846153846154,negative
abiy,,-2.52,negative
bbc,,-1.92,negative
ormaa,,-1.0,negative
and,,2.0,positive
egaa,,-1.2000000000000002,negative
hacee,,-1.2352941176470589,negative
gaaridha,,0.8999999999999999,positive
guddisuu,,1.0,positive
bahe,,-1.125,negative
ragaa,,-0.9230769230769231,negative
dirqama,,-0.9545454545454546,negative
uummata,,-2.3823529411764706,negative
oromoof,,-1.6875,negative
uummataa,,-1.6666666666666667,negative
qofaa,,-1.0999999999999999,negative
qabnu,,1.0,positive
ergaan,,-1.125,negative
sagaleen,,1.3333333333333333,positive
baasi,,-0.8999999999999999,negative
leenci,,-2.0,negative
waliif,,2.0999999999999996,positive
jettu,,-1.4117647058823528,negative
rabin,,2.0,positive
itoophiyaan,,-1.125,negative
abbichuu,,1.6,positive
jedhaa,,-1.25,negative
rakko,,-1.9500000000000002,negative
jimma,,-1.5,negative
taanan,,-1.125,negative
danda'u,,-1.7999999999999998,negative
annaa,,-1.125,negative
gaafii,,-1.0909090909090908,negative
quba,,-1.6153846153846154,negative
naannoo,,-1.3333333333333333,negative
daandii,,-1.2857142857142856,negative
rakkon,,-1.2000000000000002,negative
jirutti,,-1.125,negative
ibsaa,,-1.2272727272727273,negative
booda,,-1.2985074626865671,negative
galiin,,-2.0,negative
bahaa,,-1.2857142857142856,negative
magaalaa,,-1.6666666666666667,negative
qaamni,,-1.5,negative
bulchuu,,-2.4000000000000004,negative
bulaa,,-1.2000000000000002,negative
eenyu,,-1.0909090909090908,negative
deema,,-1.125,negative
guddina,,-1.5,negative
magaala,,-1.5,negative
yoom,,-1.275,negative
baalee,,-1.2000000000000002,negative
bulchaa,,-2.25,negative
daldalaa,,-2.4000000000000004,negative
l,,1.2000000000000002,positive
demaa,,-1.2000000000000002,negative
galoo,,0.8999999999999999,positive
abo,,-1.6153846153846154,negative
gootaa,,1.7142857142857142,positive
maale,,-1.2857142857142856,negative
daqiqaa,,1.125,positive
birraa,,-1.2000000000000002,negative
qabdaa,,-2.5,negative
keessattu,,-1.0,negative
kesan,,1.2000000000000002,positive
ta'eera,,-2.0,negative
fuudhuu,,1.0,positive
fiilmii,,2.0,positive
diraamaa,,2.142857142857143,positive
filmii,,1.7999999999999998,positive
du,,-1.6666666666666667,negative
dhugumaa,,1.0,positive
maalee,,-1.5,negative
gammeen,,2.0,positive
wayyii,,-1.0,negative
ayi,,-1.7999999999999998,negative
takkaa,,-0.9230769230769231,negative
laluu,,1.0,positive
jedhanii,,-2.0526315789473686,negative
garidha,,1.5,positive
warraa,,-1.2000000000000002,negative
jetuu,,-1.2000000000000002,negative
numa,,-2.0,negative
rabbin,,1.4285714285714284,positive
jiranii,,-1.7999999999999998,negative
jalqabee,,-2.5,negative
diraama,,1.0,positive
bee,,-1.0,negative
jaraa,,-1.5,negative
jarri,,-2.3333333333333335,negative
fixe,,-1.5,negative
akan,,1.7999999999999998,positive
wayyaa,,-1.6363636363636362,negative
dafii,,-1.2857142857142856,negative
fedhii,,-1.6,negative
ba,,-1.7142857142857142,negative
dokter,,1.5,positive
jedhamaa,,-1.125,negative
barbadee,,-0.9230769230769231,negative
durbummaa,,-1.5,negative
dubartii,,-1.1428571428571428,negative
dhuguu,,-2.0,negative
bodaa,,-1.0714285714285714,negative
maalii,,-1.3448275862068966,negative
yaroo,,-1.5,negative
hafee,,-1.125,negative
fa,,-1.2000000000000002,negative
wayi,,-1.7999999999999998,negative
irraati,,-1.5,negative
jetee,,1.3636363636363635,positive
furmaata,,-1.2857142857142856,negative
dhaabbata,,-2.8421052631578947,negative
dhiisu,,-1.7999999999999998,negative
oo,,1.2000000000000002,positive
wa'ee,,-1.5,negative
maaliin,,-1.0,negative
ma,,-1.75,negative
gonee,,-1.0,negative
taasisu,,-1.0,negative
maata,,-1.2000000000000002,negative
maltuu,,-1.0,negative
fiduu,,-0.8999999999999999,negative
obboo,,-1.5,negative
qotee,,-1.9090909090909092,negative
kabajamoo,,0.8999999999999999,positive
misooma,,-2.3333333333333335,negative
qabii,,-2.571428571428571,negative
jedhii,,-1.0,negative
hama,,-1.2000000000000002,negative
nyataa,,-1.5,negative
daboo,,-1.2857142857142856,negative
harkaan,,-1.125,negative
jarii,,-1.7999999999999998,negative
maqa,,-1.0909090909090908,negative
boo,,-1.5,negative
agaree,,-2.4000000000000004,negative
sila,,-1.44,negative
qorichi,,-1.2857142857142856,negative
pp,,-2.571428571428571,negative
bakkaa,,-1.3333333333333333,negative
abba,,-1.0999999999999999,negative
ja,,-1.5,negative
siyaasaa,,-2.5555555555555554,negative
maalitti,,-3.0,negative
salamii,,-2.142857142857143,negative
jowar,,-3.0,negative
ilaali,,-2.0999999999999996,negative
dhisuu,,-1.3636363636363635,negative
eenyuu,,-1.875,negative
jenne,,-2.0,negative
ayii,,-1.25,negative
us,,-2.0,negative
jawaar,,-2.4130434782608696,negative
abiyyi,,-1.8461538461538463,negative
jawar,,-1.8202247191011236,negative
ajandaa,,-1.9411764705882355,negative
wbo,,-3.0,negative
motummaa,,-3.0,negative
dubbata,,-1.2000000000000002,negative
inshaa,,1.7999999999999998,positive
ii,,-1.6666666666666667,negative
jedhamtu,,-3.0,negative
isinirraa,,-1.7142857142857142,negative
dhibba,,-1.5,negative
qabatamaa,,-2.0,negative
beekne,,-2.5384615384615383,negative
du'aa,,-2.142857142857143,negative
qabne,,-1.625,negative
qabsoo,,-0.9230769230769231,negative
galchuu,,-1.875,negative
dirree,,-1.7142857142857142,negative
qeerroo,,-1.0,negative
barbaade,,-1.125,negative
ali,,-2.571428571428571,negative
ahmed,,-2.6666666666666665,negative
qabdee,,-1.2000000000000002,negative
keetu,,-1.7999999999999998,negative
dhagahuu,,-1.7999999999999998,negative
kuun,,-3.0,negative
kenaa,,1.3636363636363635,positive
hangana,,-1.2000000000000002,negative
paartii,,-2.571428571428571,negative
diina,,-1.2000000000000002,negative
hawaasaa,,-1.7999999999999998,negative
bulcha,,-2.25,negative
situ,,-3.0,negative
uummatni,,-3.0,negative
fayidaa,,-1.7999999999999998,negative
birri,,-1.5,negative
yoomii,,-1.0,negative
umata,,-2.3333333333333335,negative
dhiirri,,-1.2000000000000002,negative
digirii,,-1.3636363636363635,negative
deebi'i,,-2.142857142857143,negative
bituu,,-1.5,negative
fudhuu,,-2.142857142857143,negative
beektu,,-3.0,negative
taatee,,-2.4545454545454546,negative
mirga,,-1.2000000000000002,negative
imoo,,-2.0,negative
ofi,,-1.3846153846153846,negative
jedhamu,,-1.7142857142857142,negative
j,,-1.2000000000000002,negative
ba'u,,-1.2857142857142856,negative
yaadu,,-2.142857142857143,negative
batee,,-0.8999999999999999,negative
gahu,,-0.8999999999999999,negative
barbaachisu,,-2.4000000000000004,negative
iyyu,,-2.571428571428571,negative
qabba,,-1.2000000000000002,negative
ini,,-2.571428571428571,negative
duu,,-2.4000000000000004,negative
doktoor,,1.2000000000000002,positive
sitii,,-1.5,negative
boodaa,,-1.0,negative
200,,-2.4545454545454546,negative
waani,,-1.6666666666666667,negative
gatiin,,-1.3333333333333333,negative
faayidaan,,-1.125,negative
qarshiin,,-2.0,negative
diddee,,-1.0,negative
50,,-2.4000000000000004,negative
jijjiiruu,,-1.2857142857142856,negative
akuma,,-1.7999999999999998,negative
hoggansa,,-1.7999999999999998,negative
25,,-1.125,negative
mataan,,-1.7999999999999998,negative
wajjiin,,-1.0,negative
ammammoo,,-2.571428571428571,negative
birrii,,-1.9090909090909092,negative
itoophiyaa,,-2.192307692307692,negative
baduu,,-1.2000000000000002,negative
abiyi,,-2.25,negative
misoomni,,-2.0769230769230766,negative
hundaafuu,,-1.5,negative
jarana,,-2.142857142857143,negative
abichuu,,1.5,positive
ijoolee,,-1.2000000000000002,negative
nuyi,,-1.5,negative
faayidaa,,-1.153846153846154,negative
taheef,,-1.0,negative
namichaa,,-1.2000000000000002,negative
kesanii,,1.2000000000000002,positive
hinjiru,,-1.5,negative
jennee,,-1.5,negative
qabani,,-1.7999999999999998,negative
namuma,,-3.0,negative
tana,,-1.875,negative
gonuu,,-1.0,negative
qoosaa,,-2.142857142857143,negative
bukoo,,-2.0,negative
jechi,,1.7999999999999998,positive
qamadii,,-1.5,negative
mastikaa,,-1.2857142857142856,negative
taa,,-1.0714285714285714,negative
wlh,,1.0,positive
firaa,,-2.0,negative
har'a,,-1.7999999999999998,negative
nyaadhu,,-1.2000000000000002,negative
biroo,,-1.2000000000000002,negative
jaallattu,,1.0,positive
not,,-1.0,negative
jibbuu,,-1.5,negative
ta'uun,,-1.125,negative
miilaa,,-1.7999999999999998,negative
wallahi,,1.2857142857142856,positive
dhugaaf,,-1.2000000000000002,negative
dhiiroo,,-1.875,negative
gutuu,,1.3333333333333333,positive
jiraachuu,,-1.125,negative
bichaa,,-1.7999999999999998,negative
tuulamni,,-2.625,negative
dhuunfaa,,-1.875,negative
kuba,,-2.5,negative
gali,,-2.25,negative
beektuu,,-3.0,negative
filatu,,-2.142857142857143,negative
milaa,,-2.142857142857143,negative
olii,,-1.0909090909090908,negative
jaalatu,,1.5,positive
halkan,,-1.125,negative
kubba,,-2.5,negative
ilaaluun,,-1.2000000000000002,negative
arganne,,-1.2000000000000002,negative
ta'anii,,-1.0,negative
namicha,,-2.625,negative
sanaa,,-1.6153846153846154,negative
galle,,-0.9230769230769231,negative
yaala,,-1.0,negative
teesse,,-2.571428571428571,negative
bal'aa,,-2.4000000000000004,negative
taatanii,,-1.7999999999999998,negative
kanaafuu,,-2.307692307692308,negative
kesaan,,1.125,positive
rabbiif,,1.2000000000000002,positive
ganama,,1.2000000000000002,positive
beekna,,-1.7142857142857142,negative
nani,,-1.2000000000000002,negative
siilaa,,-1.2000000000000002,negative
barii,,-1.875,negative
goote,,-1.6666666666666667,negative
wallaalle,,-1.7999999999999998,negative
barsiisuu,,-1.7142857142857142,negative
qonnaan,,-1.2857142857142856,negative
bulaan,,-2.571428571428571,negative
akkamiiti,,-1.0,negative
hawaasa,,-2.1176470588235294,negative
dhufnee,,-1.2000000000000002,negative
hara,,-1.2000000000000002,negative
0,,-1.0,negative
farfannaa,,3.0,positive
tajaajila,,-1.5,negative
urmii,,2.4000000000000004,positive
dogongora,,-1.0,negative
gutee,,-1.2000000000000002,negative
gama,,-1.0,negative
jirru,,-2.571428571428571,negative
taarifa,,-3.0,negative
haalli,,-1.7999999999999998,negative
telecom,,-3.0,negative
gidduu,,-1.125,negative
safaricom,,-3.0,negative
tele,,-3.0,negative
biyyoota,,-2.6666666666666665,negative
dhabbata,,-3.0,negative
ta'uuf,,-1.7999999999999998,negative
angoo,,-3.0,negative
aangoo,,-1.7999999999999998,negative
irraan,,-1.2000000000000002,negative
uummanni,,-2.5384615384615383,negative
ethiotelecom,,-3.0,negative
qabaatee,,-1.2000000000000002,negative
gaafata,,-1.7142857142857142,negative
bu'ee,,-1.2857142857142856,negative
simi,,-2.0,negative
illee,,-2.1818181818181817,negative
filannoon,,-1.5,negative
20,,-1.2857142857142856,negative
hojjechuu,,-1.875,negative
furmata,,-1.2000000000000002,negative
guyyaan,,-1.0588235294117647,negative
feetan,,-2.0999999999999996,negative
jiraatee,,-1.2000000000000002,negative
gallee,,-1.0,negative
kaffaltii,,-1.2857142857142856,negative
galchaa,,-1.7999999999999998,negative
hidhuun,,-1.0,negative
taa'anii,,-2.4000000000000004,negative
eenyuun,,-1.2000000000000002,negative
asandaaboo,,-1.9090909090909092,negative
naaddaa,,-2.5384615384615383,negative
isii,,-1.125,negative
halkaniif,,-2.4000000000000004,negative
kaliifaa,,-2.4000000000000004,negative
afuuftuun,,-1.2000000000000002,negative
misoomaaf,,-1.5,negative
misoomaa,,-2.25,negative
jawwaar,,-1.7999999999999998,negative
ummataaf,,-2.571428571428571,negative
qabsoon,,-2.5,negative
mohammed,,-1.5,negative
jawween,,-2.727272727272727,negative
hojjatu,,-2.25,negative
ummatni,,-3.0,negative
sim,,-1.2000000000000002,negative
jawwar,,-2.0,negative
darbe,,-1.7142857142857142,negative
xiinxala,,-1.2857142857142856,negative
news,,-2.4000000000000004,negative
hayyuun,,-1.2000000000000002,negative
qofatu,,-1.5,negative
innii,,-2.5,negative
barbaannu,,-2.5,negative
jedhaanii,,-2.6666666666666665,negative
woliin,,-1.7142857142857142,negative
qabachu,,-1.2000000000000002,negative
deebitee,,-1.0,negative
israa'el,,-3.0,negative
alshabaabiin,,-3.0,negative
israel,,-2.769230769230769,negative
badhaadhinni,,-2.7,negative
darba,,-2.142857142857143,negative
jaartii,,-1.0,negative
barbaanna,,-1.2000000000000002,negative
manni,,-1.7999999999999998,negative
banamuu,,-1.2000000000000002,negative
tuulamaa,,-2.4000000000000004,negative
project,,-1.7999999999999998,negative
ijaaramu,,-2.5,negative
account,,-0.9230769230769231,negative
abiyahmedali,,-1.3043478260869565,negative
